{"cameraMode":{"drawMode":0,"name":"Shaded","section":"Shading Mode"},"sceneLighting":false,"audioPlay":false,"sceneViewState":{"m_AlwaysRefresh":false,"showFog":true,"showSkybox":false,"showFlares":true,"showImageEffects":true,"showParticleSystems":true,"showVisualEffectGraphs":true,"m_FxEnabled":true},"in2DMode":false,"pivot":{"x":0.040095627307891849,"y":0.34658533334732058,"z":0.03161609172821045},"rotation":{"x":-0.09173386543989182,"y":0.8517119884490967,"z":-0.15916797518730164,"w":-0.4907979667186737},"size":0.8505098819732666,"orthographic":false}