{"cameraMode":{"drawMode":0,"name":"Shaded","section":"Shading Mode"},"sceneLighting":false,"audioPlay":false,"sceneViewState":{"m_AlwaysRefresh":false,"showFog":true,"showSkybox":false,"showFlares":true,"showImageEffects":true,"showParticleSystems":true,"showVisualEffectGraphs":true,"m_FxEnabled":true},"in2DMode":false,"pivot":{"x":-0.05178236961364746,"y":3.452012777328491,"z":-0.5376553535461426},"rotation":{"x":-0.005601296201348305,"y":0.44934016466140749,"z":-0.002786069642752409,"w":-0.8933675289154053},"size":5.6341552734375,"orthographic":false}