{"cameraMode":{"drawMode":0,"name":"Shaded","section":"Shading Mode"},"sceneLighting":false,"audioPlay":false,"sceneViewState":{"m_AlwaysRefresh":false,"showFog":true,"showSkybox":false,"showFlares":true,"showImageEffects":true,"showParticleSystems":true,"showVisualEffectGraphs":true,"m_FxEnabled":true},"in2DMode":false,"pivot":{"x":0.03280067443847656,"y":4.566553115844727,"z":0.019495010375976564},"rotation":{"x":-0.005601296201348305,"y":0.44934016466140749,"z":-0.002786069642752409,"w":-0.8933675289154053},"size":4.296823978424072,"orthographic":false}