{"cameraMode":{"drawMode":0,"name":"Shaded","section":"Shading Mode"},"sceneLighting":false,"audioPlay":false,"sceneViewState":{"m_AlwaysRefresh":false,"showFog":false,"showSkybox":false,"showFlares":false,"showImageEffects":false,"showParticleSystems":false,"showVisualEffectGraphs":true,"m_FxEnabled":true},"in2DMode":false,"pivot":{"x":0.7422906160354614,"y":0.5507419109344482,"z":-2.764944553375244},"rotation":{"x":-0.007098376750946045,"y":-0.9908226728439331,"z":0.05829436704516411,"w":-0.12199806421995163},"size":2.8874754905700685,"orthographic":false}